age,item_purchased,category,purchase_amount,location,size,color,season,review_rating,subscription_status,shipping_type,discount_applied,promo_code_used,previous_purchases,payment_method,frequency,gender
56,12,4,429.87,32,39,33,21,3.1,0,6,1,0,0,4,7,1
46,39,3,67.65,45,49,47,43,1.1,1,7,1,0,12,6,6,0
32,1,3,372.47,4,9,2,9,2.7,0,1,1,1,26,0,9,1
60,19,7,166.64,42,24,25,5,3.4,0,8,0,1,69,7,3,0
25,0,1,494.32,47,48,7,16,1.0,1,6,1,0,58,9,6,0
38,36,0,247.83,33,7,5,49,2.6,1,7,1,0,5,4,9,1
56,8,2,69.99,39,10,15,37,2.3,1,5,1,0,96,7,5,1
36,16,8,365.34,10,4,23,23,0.4,1,5,0,1,93,9,5,0
40,8,3,168.28,49,44,47,9,4.1,1,8,1,0,98,9,1,1
28,10,9,498.57,2,36,38,7,1.7,0,3,1,1,22,4,7,0
28,14,4,490.09,32,44,29,20,2.9,0,4,1,0,9,6,7,0
41,23,1,331.51,10,37,44,5,2.6,0,8,0,0,50,9,6,0
53,37,3,73.61,15,28,12,20,2.6,1,0,1,0,18,2,8,1
57,34,1,346.56,17,4,4,38,0.5,0,3,1,0,50,1,7,0
41,29,1,55.58,29,8,24,23,2.1,1,6,0,1,91,5,8,0
20,30,3,24.39,47,47,19,32,2.3,1,8,0,1,86,4,8,0
39,48,5,413.25,9,1,17,17,3.7,0,9,1,0,67,8,5,0
19,4,6,112.78,17,0,46,27,4.2,0,5,1,0,83,9,1,1
41,43,9,195.72,37,39,17,31,2.7,1,7,1,0,82,3,6,1
61,49,2,486.99,18,29,1,11,0.4,0,8,0,1,41,2,2,1
47,13,2,175.05,35,10,9,47,1.2,1,9,0,0,90,8,6,1
55,10,9,155.28,12,27,44,41,0.8,0,3,1,1,56,7,8,0
19,8,5,459.92,45,43,49,26,0.6,0,0,0,1,97,5,9,0
38,33,2,64.27,2,11,46,9,1.8,0,7,1,1,67,0,9,0
50,11,1,382.2,9,38,11,45,1.1,0,1,1,1,37,9,1,0
29,34,7,494.15,37,25,46,41,1.1,0,0,0,0,61,0,5,0
39,34,4,451.64,0,12,12,31,0.3,1,6,1,0,6,5,5,0
61,0,0,329.32,26,7,49,41,0.1,0,9,0,1,70,2,8,1
42,39,2,163.89,45,27,46,25,0.5,0,8,0,0,49,2,8,0
44,21,9,134.62,7,29,10,24,0.9,0,8,1,0,51,5,4,0
59,28,7,411.44,45,8,18,10,2.2,1,2,0,0,25,2,4,0
45,7,3,441.11,41,38,34,22,2.6,1,5,1,1,25,9,8,1
33,10,6,267.46,16,30,38,33,0.7,1,6,0,0,18,5,7,0
32,40,9,129.73,8,20,25,39,2.1,1,9,1,0,8,4,6,0
64,36,1,65.34,5,46,45,22,1.7,1,8,1,0,60,3,7,0
61,13,6,52.72,42,33,13,28,0.9,0,1,1,0,19,7,5,1
20,29,4,362.35,24,30,44,30,0.0,0,7,0,0,49,1,2,0
54,34,4,215.86,38,24,43,6,2.3,0,6,1,0,79,6,6,0
24,20,5,453.63,48,11,23,39,3.4,1,3,0,0,80,3,7,1
38,36,8,372.44,27,0,40,32,1.1,1,1,0,0,21,1,7,0
26,4,5,103.72,32,21,0,20,0.7,0,7,0,0,12,6,0,1
56,18,7,310.75,36,39,42,1,4.4,1,4,0,0,11,0,6,0
35,13,6,223.4,8,36,21,17,1.4,1,5,0,1,9,3,2,1
21,25,8,292.85,17,46,22,46,1.1,1,6,1,0,64,8,1,0
42,3,3,371.65,20,0,18,32,4.3,0,9,0,1,95,3,1,0
31,24,1,405.04,1,0,17,36,4.1,0,0,1,0,29,2,7,1
26,44,6,423.43,42,41,11,33,2.2,1,7,1,1,7,9,8,0
43,41,5,134.45,37,41,27,19,2.4,1,3,0,1,20,9,2,0
19,24,0,25.25,39,20,27,34,1.1,1,8,1,0,21,1,2,1
37,17,8,372.25,35,14,32,49,0.4,1,0,1,1,17,2,5,0
45,39,8,62.11,49,16,18,17,2.9,0,1,0,1,65,0,9,1
64,7,1,164.31,42,21,27,45,0.5,1,5,1,1,47,9,0,0
24,38,2,11.87,36,37,48,23,2.2,0,9,0,0,43,7,5,1
61,39,4,344.02,14,34,36,7,4.7,0,0,0,1,8,0,2,0
25,13,4,91.89,27,44,25,29,4.8,0,3,0,1,66,2,3,0
64,31,0,331.09,17,15,34,43,1.2,1,7,1,0,53,2,8,1
52,37,7,495.95,33,7,33,9,3.1,0,9,1,1,25,1,2,0
31,32,7,45.61,21,46,34,22,2.4,0,4,1,1,84,4,0,1
34,22,3,47.77,10,16,39,48,4.4,1,8,1,1,93,9,2,1
53,14,6,176.79,12,16,15,10,1.4,1,5,0,0,91,2,6,1
57,32,9,434.53,3,25,37,1,0.0,1,0,0,1,99,2,6,0
21,24,2,115.61,21,12,12,25,0.8,0,5,1,0,25,7,4,0
19,16,5,186.59,6,16,22,35,1.7,1,5,0,1,33,3,0,0
23,32,9,43.57,42,37,21,32,1.6,0,5,1,1,7,3,7,1
59,46,9,383.95,23,16,15,46,4.0,0,7,0,1,9,2,9,1
21,1,8,210.07,3,47,27,12,3.4,1,5,0,1,47,0,7,1
46,13,0,382.03,27,13,47,39,1.5,0,4,0,0,54,7,9,0
35,39,4,452.77,14,44,34,24,2.3,0,1,0,1,53,0,9,1
43,39,3,124.05,0,5,44,3,0.5,0,3,0,0,77,6,9,0
61,38,7,405.62,2,34,45,41,4.5,0,9,1,1,39,4,1,0
51,5,0,38.96,13,45,7,18,4.7,1,4,1,0,14,3,9,0
27,5,8,450.44,37,13,43,17,4.9,0,9,0,1,80,3,2,0
53,2,5,328.88,49,46,21,36,4.3,1,3,1,1,17,7,3,0
31,6,3,438.37,0,7,20,29,0.9,0,1,0,0,95,5,0,0
48,7,8,10.09,37,14,25,18,0.2,0,6,0,0,22,0,3,0
32,41,4,92.85,37,26,39,22,2.9,1,9,0,0,61,9,4,0
25,14,4,200.98,20,12,20,15,4.6,0,9,0,0,45,7,2,1
31,46,4,195.96,47,48,24,0,0.9,0,1,1,1,86,1,9,0
40,28,0,121.1,28,30,40,11,0.0,0,0,0,0,98,5,1,0
57,32,0,196.99,4,34,0,23,4.0,0,4,1,0,38,8,5,1
38,29,7,73.14,48,5,5,33,0.4,0,0,0,0,14,0,7,1
33,38,7,212.25,9,4,22,7,2.1,0,0,0,1,52,5,6,1
62,26,5,403.15,27,21,22,17,3.4,1,0,1,1,87,7,0,1
35,35,3,244.74,20,48,42,47,1.2,1,5,0,1,63,9,3,0
64,28,1,18.82,49,22,42,4,0.4,1,8,0,1,62,1,2,1
41,37,1,216.51,6,24,22,25,3.9,0,9,1,0,91,4,5,1
43,32,8,23.32,2,33,31,29,3.2,0,0,1,1,79,5,8,1
42,36,4,483.46,44,25,29,12,4.9,0,4,1,0,15,4,8,1
62,26,3,72.45,46,46,12,18,1.7,1,8,0,1,69,2,6,0
58,32,9,356.77,19,4,42,28,0.3,0,8,0,0,65,3,8,1
46,3,0,486.66,18,25,17,2,3.7,1,0,1,0,12,6,7,1
32,21,6,414.76,34,19,22,25,2.6,0,7,1,0,46,3,4,1
62,1,2,352.66,3,5,14,39,1.1,0,0,0,0,8,8,8,1
18,9,5,421.34,4,5,32,11,3.9,0,7,0,0,62,9,6,0
42,4,4,491.08,0,49,20,1,1.0,1,0,1,1,33,1,4,1
24,9,4,314.46,3,17,38,10,1.3,0,4,1,0,80,4,7,1
26,32,4,284.0,11,3,22,43,0.5,1,7,1,0,90,7,6,1
41,37,0,317.84,26,16,26,27,2.0,0,5,1,0,28,4,8,0
18,12,0,271.01,41,13,44,17,2.1,0,8,0,0,36,9,9,1
61,30,2,321.19,22,13,43,12,2.6,1,0,0,1,42,7,0,1
25,46,9,230.42,24,12,17,36,3.5,0,8,0,1,85,7,8,0
41,35,3,117.04,20,6,23,21,4.5,0,0,0,0,63,8,6,1
28,44,4,68.92,23,43,46,11,0.7,0,9,1,0,23,9,0,0
34,23,1,43.49,24,14,39,1,0.3,0,9,0,0,70,5,0,0
25,14,7,139.02,44,18,41,36,0.1,1,2,1,0,33,3,4,1
52,28,1,32.6,45,42,6,6,0.7,1,0,0,1,47,2,7,1
52,7,8,287.91,31,46,49,25,3.3,0,2,0,1,11,4,8,0
50,4,1,149.08,31,43,47,25,3.6,0,1,0,0,22,5,5,0
22,28,8,414.02,4,34,19,23,3.9,1,1,1,0,78,2,9,1
59,46,6,46.38,35,16,26,11,1.2,0,8,0,0,96,1,7,0
56,3,7,120.91,45,34,5,15,1.5,1,7,1,0,12,6,5,0
58,11,1,367.82,41,18,26,22,2.4,0,0,1,0,86,4,5,1
45,44,6,303.42,48,19,8,39,0.3,1,3,0,1,95,8,3,0
24,1,5,41.6,41,35,44,8,3.1,1,0,1,1,44,2,4,0
26,26,3,439.85,38,34,30,31,4.9,1,0,0,0,98,7,1,0
25,30,6,439.86,15,31,20,14,1.8,1,3,1,1,64,5,2,0
29,35,3,171.9,32,47,25,36,3.8,0,1,0,1,46,3,2,0
51,35,1,176.8,48,43,39,12,2.5,0,2,1,1,57,8,4,0
50,25,9,494.62,20,39,47,4,0.6,1,8,1,0,4,4,4,1
40,42,6,316.83,8,23,44,10,2.9,1,1,0,1,76,9,5,0
41,26,7,270.35,5,16,12,9,1.5,1,3,0,1,4,5,4,1
54,4,1,420.69,44,6,48,12,0.2,1,0,0,0,59,8,5,1
52,19,4,149.79,34,42,22,40,3.2,0,1,0,1,95,6,7,1
61,10,0,220.3,38,49,19,45,4.3,1,4,1,0,20,4,1,1
57,9,6,141.21,21,0,36,49,1.7,1,9,1,1,23,1,3,1
39,39,7,396.69,40,34,27,14,2.0,1,0,1,0,17,3,5,1
44,37,5,290.94,4,31,16,41,4.5,1,6,1,0,20,1,4,1
52,5,4,332.82,41,35,27,6,4.1,1,3,0,1,53,2,0,1
18,7,5,133.63,22,12,40,39,3.6,1,5,1,1,9,9,8,0
52,22,1,117.91,16,5,1,27,1.2,1,7,0,0,23,2,2,1
54,46,0,249.3,11,13,24,31,4.6,0,5,1,0,84,3,1,1
64,25,6,371.41,22,36,49,34,0.8,1,1,0,1,88,5,8,1
31,45,6,267.37,15,47,40,14,3.1,1,0,0,1,59,2,6,0
20,42,9,26.0,2,14,5,47,0.1,1,7,0,1,56,9,4,1
18,11,9,435.59,29,46,10,35,3.2,0,7,0,1,22,0,5,0
22,25,1,41.7,21,3,37,20,1.4,0,8,0,0,21,0,3,1
43,12,1,478.35,8,39,5,5,2.2,0,5,1,0,67,8,0,1
31,39,0,22.32,28,15,44,0,1.7,1,0,0,0,33,8,3,0
56,17,9,350.28,46,27,10,3,0.9,1,8,1,1,69,4,8,1
44,24,7,50.28,36,15,13,10,3.1,1,2,1,1,27,8,0,0
26,32,7,456.23,22,3,1,43,4.4,0,5,0,0,94,6,9,0
32,46,0,237.57,12,44,39,25,4.8,1,9,1,0,98,8,2,1
32,39,7,77.39,31,25,2,36,1.0,0,9,1,0,38,6,4,1
43,42,8,177.0,45,27,34,22,3.6,0,8,1,0,41,8,6,0
59,11,3,90.76,46,31,32,28,3.3,0,2,0,0,22,1,8,0
30,43,0,93.59,47,44,23,20,1.7,0,4,0,0,69,7,5,1
49,35,0,474.57,22,1,18,47,0.1,0,4,0,1,79,6,2,1
56,47,2,228.17,44,30,17,44,3.4,1,9,0,0,1,5,6,1
49,3,4,396.51,16,2,48,44,4.7,1,6,1,0,23,4,3,0
21,4,4,323.41,39,7,23,48,3.2,0,3,1,0,16,3,2,1
47,36,8,341.45,20,23,44,26,2.2,1,3,1,0,64,6,6,0
54,7,9,74.53,1,14,34,38,2.6,1,6,1,0,69,2,6,1
40,41,1,124.75,36,42,0,39,1.0,0,8,1,0,68,7,3,0
56,48,1,395.51,5,30,35,12,3.8,0,3,1,0,59,1,6,0
62,27,5,485.68,43,8,24,22,3.7,1,3,0,1,49,0,1,1
32,30,8,138.71,17,38,44,15,0.7,1,5,1,0,92,1,0,0
60,8,0,143.07,29,44,48,29,4.4,1,5,1,1,11,8,1,0
46,28,8,241.72,21,1,42,3,1.3,1,6,1,1,46,4,3,0
53,13,8,492.08,32,7,33,39,4.9,0,0,0,1,66,7,7,0
30,39,8,141.79,29,6,24,15,1.9,1,2,1,0,64,2,2,0
49,40,4,209.42,16,43,15,30,0.9,0,8,1,0,26,6,9,1
24,21,8,446.83,42,38,33,41,1.8,0,5,0,0,47,1,5,1
39,10,3,11.43,31,41,28,24,2.2,1,5,1,0,87,7,5,0
45,22,1,29.49,41,15,18,43,0.3,1,4,0,0,61,6,8,1
19,0,5,306.0,13,34,22,11,2.9,1,2,0,0,43,4,8,0
59,45,3,454.62,9,29,18,25,3.0,0,4,1,0,18,3,3,0
62,36,5,127.04,46,9,24,36,3.7,0,0,1,0,58,0,8,1
23,20,2,240.12,35,37,15,47,0.1,0,2,0,0,7,4,5,0
45,25,5,230.73,33,17,8,32,2.7,0,3,1,0,54,8,1,0
45,45,1,241.76,8,49,0,27,0.3,1,4,1,1,46,9,9,0
61,35,1,315.03,41,4,41,8,3.5,0,9,0,0,1,3,5,1
61,22,8,240.17,27,28,18,11,0.3,0,8,0,0,93,8,1,1
37,0,6,229.26,10,38,32,4,4.6,1,3,1,0,93,1,7,0
47,39,2,242.4,13,33,33,27,3.5,0,2,0,1,38,3,3,0
28,14,0,299.53,38,42,15,34,2.5,0,9,1,0,44,8,4,0
45,20,7,273.13,46,44,43,4,2.2,1,0,1,0,31,3,7,0
42,46,5,428.53,18,22,39,33,0.7,0,9,1,1,64,4,7,0
56,8,6,34.25,14,4,17,45,1.5,0,5,1,0,37,7,5,1
50,8,8,418.33,27,29,33,33,4.3,0,6,0,1,76,0,3,1
18,9,4,423.52,23,5,24,12,4.5,0,9,1,1,10,0,0,1
44,25,0,149.6,7,45,44,38,0.0,1,7,0,1,9,8,6,1
30,40,9,236.8,42,43,5,41,3.0,0,0,1,1,58,8,7,0
58,34,6,224.88,8,3,20,44,3.6,1,3,1,0,89,3,8,0
20,24,4,117.07,46,28,5,47,3.1,0,4,0,1,54,1,1,1
56,25,2,204.43,32,22,31,13,0.4,1,1,1,1,19,8,0,1
23,10,8,31.75,32,5,40,10,1.1,1,0,0,0,80,3,3,0
25,37,0,146.13,18,31,47,41,1.3,1,7,0,0,16,5,4,1
44,1,0,410.17,2,41,42,37,4.2,0,5,1,0,67,0,9,0
26,6,0,149.44,9,17,38,3,2.3,0,4,1,1,4,8,0,0
54,17,2,410.92,39,14,30,32,2.4,0,8,1,0,59,4,4,0
50,26,5,270.48,46,39,41,6,4.7,1,1,1,1,22,2,5,1
59,33,9,441.13,41,31,9,40,3.2,0,9,0,1,45,3,2,1
61,26,2,291.64,0,8,29,7,4.5,0,7,1,0,51,0,6,1
41,16,7,24.54,28,36,17,36,2.3,0,9,1,0,9,8,5,1
32,42,9,340.96,49,9,23,9,0.7,0,8,1,0,45,7,3,1
49,43,1,31.98,33,19,8,42,4.6,1,0,1,0,27,3,2,0
49,23,8,230.79,12,5,30,14,2.3,1,6,1,0,96,1,4,1
41,24,2,465.42,0,47,14,37,0.9,0,7,0,0,42,8,2,0
58,6,4,90.95,33,2,3,14,1.5,0,2,1,1,25,3,9,0
29,5,9,201.04,28,41,39,4,0.3,0,3,0,1,54,8,8,0
56,23,7,367.63,47,10,8,28,2.3,1,2,1,0,47,9,8,1
19,32,1,442.31,46,42,44,18,4.3,0,6,1,1,28,2,5,1
20,48,5,338.76,12,16,8,9,4.7,1,8,1,1,26,6,5,1
54,28,4,136.5,47,31,25,11,4.7,1,2,0,1,17,6,3,1
34,42,9,340.56,48,3,3,3,0.6,0,5,1,1,59,9,3,1
19,21,8,155.4,28,3,16,30,1.9,0,7,0,1,73,3,1,1
19,25,4,362.03,38,16,15,17,0.1,0,5,0,1,68,1,9,1
45,27,1,477.48,23,40,14,15,4.3,1,1,1,0,73,8,3,1
40,49,4,363.48,25,18,34,39,1.8,1,6,0,0,20,3,7,0
54,20,3,432.81,16,4,4,35,3.2,0,1,1,0,23,7,9,1
49,48,6,11.03,6,31,4,24,3.6,1,1,1,1,2,1,1,0
50,6,5,361.61,12,21,19,22,2.1,0,1,0,0,94,7,8,0
18,16,1,416.5,4,5,14,11,1.5,0,0,1,0,61,9,0,0
36,19,4,29.87,25,34,17,33,4.8,1,0,1,0,1,4,1,0
19,40,6,437.08,48,21,46,35,4.8,1,6,0,1,65,6,1,1
61,48,6,135.78,2,0,1,36,1.4,1,4,0,0,41,6,5,1
43,19,4,335.99,6,19,28,2,2.4,1,2,0,1,33,8,6,0
49,21,8,402.17,48,21,12,8,4.9,0,0,0,0,41,2,2,0
23,27,3,334.71,38,47,3,17,0.0,0,9,0,0,19,9,8,0
49,39,2,55.22,0,10,41,42,2.1,0,5,0,0,96,3,4,1
21,48,3,302.2,48,12,44,34,0.5,1,0,1,1,67,9,4,0
28,6,4,279.3,16,41,9,33,2.5,0,8,0,1,44,3,3,0
34,0,5,451.16,42,2,30,40,0.1,1,1,0,1,74,9,8,1
55,31,2,208.08,24,8,40,13,2.0,1,0,1,1,41,4,7,0
41,12,1,167.33,2,11,7,3,1.1,1,6,1,1,46,5,3,1
22,29,3,377.43,14,22,2,28,2.7,0,5,0,0,4,2,3,1
51,22,4,212.21,28,13,47,40,5.0,1,5,0,0,88,3,1,0
23,18,3,326.59,42,32,45,44,4.0,1,4,1,1,48,2,8,0
39,31,2,326.76,31,17,8,49,4.2,1,3,0,1,36,1,2,0
28,29,7,445.14,25,48,29,14,3.2,1,3,0,0,33,9,3,1
33,28,9,303.36,15,40,10,27,0.2,1,2,1,1,72,8,6,1
50,48,3,256.06,24,8,34,41,1.0,1,9,0,0,69,0,9,1
26,44,1,78.05,27,22,36,15,4.6,1,7,1,1,17,1,7,0
23,28,1,66.71,8,9,41,11,1.8,1,6,0,0,77,7,7,0
33,29,0,85.62,0,18,12,4,0.5,1,8,1,1,18,6,3,0
46,15,3,94.21,28,46,35,33,3.5,1,0,1,1,77,0,6,0
20,39,9,322.56,21,4,12,41,1.5,1,6,1,0,39,4,9,0
37,18,8,373.08,15,46,11,0,1.3,1,9,0,0,16,9,0,0
53,17,6,269.7,40,22,36,38,5.0,0,3,1,1,59,5,5,1
36,0,9,416.22,43,29,9,31,4.3,0,6,0,1,98,4,5,1
43,13,6,495.72,40,24,8,25,2.0,1,0,1,0,92,3,5,1
20,46,6,411.81,6,27,6,16,4.9,1,4,1,1,41,0,1,0
36,49,7,350.49,13,33,1,47,3.3,1,2,1,0,80,6,7,1
37,1,0,270.92,28,44,22,26,3.7,0,4,0,0,71,8,4,1
49,27,9,229.94,18,47,38,23,0.2,0,3,0,1,64,5,4,1
24,48,9,51.35,18,46,39,34,0.6,0,1,1,0,52,2,1,0
58,49,7,205.69,1,24,38,45,3.2,1,3,0,0,99,9,3,0
50,29,3,455.97,40,9,20,41,4.5,1,2,0,1,6,3,8,1
57,37,3,405.93,44,13,22,38,3.1,1,0,0,0,4,9,8,0
56,3,3,115.87,14,41,28,25,0.7,1,9,1,0,23,4,5,0
35,0,5,238.64,2,45,13,48,0.6,0,7,0,0,27,0,8,0
57,7,6,410.19,10,29,25,37,4.2,1,4,1,0,61,4,3,0
18,28,5,43.02,45,40,4,22,0.7,0,3,1,1,16,0,0,1
28,38,0,199.82,29,24,30,21,2.6,0,9,1,0,19,8,1,0
45,2,7,427.4,39,13,24,3,0.2,1,4,0,1,2,6,0,1
42,31,9,207.91,17,34,30,48,0.4,0,3,1,0,36,2,7,1
40,9,6,48.03,47,47,49,8,3.4,0,2,0,1,89,8,8,0
48,9,5,275.84,1,33,19,3,3.4,0,4,0,0,14,1,9,0
47,18,5,432.25,31,9,43,6,1.7,0,3,1,1,50,6,5,0
59,45,4,299.24,7,34,16,22,1.1,1,0,1,0,47,8,1,1
52,33,5,120.88,21,10,44,1,4.1,1,2,1,0,7,5,5,1
24,32,8,198.28,5,10,1,48,1.1,0,9,0,0,12,9,8,1
33,22,9,230.56,11,20,24,23,2.7,1,9,0,0,47,4,2,1
43,27,8,293.84,46,20,12,39,4.8,0,7,1,1,2,6,8,1
19,31,9,382.08,39,21,38,30,0.7,1,6,1,1,64,5,1,1
18,49,7,58.45,35,44,27,46,4.7,1,1,0,0,72,4,4,1
29,6,9,445.93,14,6,41,30,0.9,1,0,0,1,30,1,1,0
22,28,8,16.03,27,16,5,46,2.8,1,2,1,0,25,7,6,1
54,7,9,191.33,48,1,2,39,1.9,1,4,0,0,80,6,9,1
49,0,7,23.44,44,11,34,47,4.8,0,9,0,1,55,5,8,1
26,2,7,202.56,17,41,17,42,1.4,1,0,0,1,33,4,6,1
58,23,0,267.65,1,17,10,33,2.0,0,2,0,1,8,4,4,0
52,22,9,260.72,12,10,19,23,4.9,0,2,0,0,61,8,3,1
36,7,4,91.16,44,15,4,48,2.7,1,4,0,0,12,0,3,1
33,46,3,326.41,14,48,18,25,2.5,0,2,1,1,68,8,9,0
20,36,1,31.94,19,17,21,15,1.3,1,8,0,0,40,5,7,0
37,2,7,383.33,28,34,18,46,3.5,0,0,1,1,76,3,9,1
41,32,2,473.86,41,25,46,12,0.1,0,3,1,1,0,9,9,1
50,27,3,176.49,28,15,15,14,0.2,1,9,0,1,88,6,9,1
41,46,6,263.45,2,5,23,26,3.0,1,9,1,1,46,8,9,1
28,7,9,195.67,18,43,40,3,1.7,1,3,1,1,3,4,9,1
25,33,8,13.29,2,42,3,15,4.8,1,0,1,1,99,4,0,1
53,34,1,199.08,13,46,14,29,4.5,0,1,0,0,62,7,4,0
55,31,2,397.94,39,46,24,43,3.6,1,0,1,0,51,6,1,0
57,23,3,302.03,3,47,43,29,4.1,0,5,0,1,9,7,8,1
37,13,9,59.62,10,41,34,35,3.3,0,2,1,1,27,9,6,1
52,31,0,425.1,30,11,13,2,0.6,0,6,1,1,5,1,9,1
42,45,6,270.23,42,12,48,21,3.8,0,4,1,0,26,8,7,0
52,42,1,422.44,31,3,18,48,1.1,0,8,1,1,11,2,5,1
42,15,4,294.31,26,38,37,21,1.6,0,6,0,1,61,5,8,0
46,3,0,284.25,29,1,35,49,4.1,1,3,1,1,51,5,5,0
35,36,2,61.58,42,25,6,49,2.7,0,4,1,0,47,1,6,1
63,20,1,92.01,1,26,29,48,4.3,0,4,0,1,66,6,6,0
35,13,0,486.29,48,26,18,11,1.1,0,4,0,0,45,8,8,1
19,30,6,121.96,8,14,48,20,3.0,1,9,0,0,96,9,7,0
52,47,4,488.95,27,7,24,3,0.4,1,8,1,1,73,0,0,1
33,17,0,270.64,30,6,15,30,3.2,0,9,0,0,94,7,3,1
58,6,5,76.54,33,46,46,43,3.8,1,2,0,0,14,1,6,0
53,9,4,58.66,14,45,39,30,2.9,0,5,0,0,70,0,7,0
50,6,2,112.34,47,39,7,22,1.3,1,7,0,1,35,7,6,0
21,32,6,463.56,24,11,17,19,0.2,0,8,0,0,13,1,2,1
50,22,9,212.93,35,12,27,14,0.6,1,6,0,1,77,5,3,0
31,20,8,203.76,7,42,15,22,3.1,1,2,1,1,2,5,6,0
38,18,8,163.47,8,16,18,27,4.7,1,0,0,1,66,4,7,1
37,47,8,82.06,36,16,41,15,1.0,0,3,1,0,85,7,6,1
25,18,1,249.05,47,35,16,36,3.7,0,5,0,1,18,2,5,0
24,35,2,73.72,44,20,44,20,4.3,0,2,0,0,98,9,8,0
20,28,6,419.39,38,7,12,14,2.6,1,0,0,0,75,3,8,0
34,17,4,191.49,31,4,6,16,3.3,1,5,1,0,53,6,6,1
50,1,1,193.65,16,25,26,49,4.1,0,0,0,0,68,6,7,1
29,0,2,242.26,34,15,9,36,1.3,1,8,0,1,9,7,5,0
39,46,9,227.62,36,35,33,12,1.5,0,0,0,1,32,1,0,1
39,4,5,497.48,18,27,35,18,0.0,0,5,0,0,12,1,0,0
63,19,6,277.24,43,28,24,29,4.8,0,0,1,1,98,3,5,0
47,10,8,53.22,28,46,5,44,4.6,0,6,1,1,50,9,1,1
55,41,0,307.37,6,11,23,17,3.8,1,2,1,1,31,8,7,0
55,1,6,84.28,27,36,17,13,0.4,1,5,1,0,74,9,0,0
62,2,7,25.16,8,29,22,35,2.2,1,6,1,1,23,8,1,1
25,22,2,485.66,27,22,5,35,0.5,0,0,0,0,34,3,7,0
44,11,3,389.03,5,15,28,19,0.1,1,0,0,1,82,8,5,0
44,19,9,490.25,28,13,24,18,3.1,0,4,0,0,69,2,9,1
51,4,5,244.16,16,9,16,44,4.8,0,5,1,0,39,4,1,0
38,36,9,270.81,15,6,45,43,4.5,0,8,0,0,53,9,1,0
47,37,6,92.49,22,44,23,6,3.5,0,0,1,1,43,8,6,1
50,29,3,130.98,30,36,10,43,0.5,0,3,0,0,61,5,4,1
45,8,7,420.89,2,28,25,3,1.4,0,9,1,1,98,2,4,1
64,33,4,184.53,20,2,33,33,1.6,1,7,0,0,67,9,7,0
50,43,0,415.14,25,14,27,1,3.8,1,9,0,1,32,8,6,1
22,34,3,357.42,35,35,2,4,4.0,1,8,0,0,76,5,8,0
36,21,2,96.81,41,46,10,9,1.9,1,2,0,1,55,3,3,1
21,43,8,258.65,36,45,37,31,2.1,0,1,1,0,35,3,9,0
52,23,7,341.92,21,18,13,41,0.2,0,3,0,0,53,7,3,0
34,16,0,125.17,41,12,25,40,1.4,1,1,0,0,18,6,1,1
61,9,5,417.04,11,41,47,12,2.3,1,0,0,1,42,0,2,0
45,29,8,276.97,41,20,20,38,0.6,1,2,1,0,11,5,0,0
47,45,6,90.97,12,36,38,4,2.3,1,6,0,0,10,7,0,1
46,22,3,295.66,10,26,29,9,4.3,1,0,0,0,69,2,6,0
63,31,0,499.86,15,28,7,9,2.9,1,1,0,0,11,8,4,0
23,16,1,83.76,7,19,19,37,0.4,1,0,0,1,90,9,2,0
52,49,4,410.21,39,24,47,26,1.0,1,7,0,0,40,1,6,1
58,16,4,111.58,39,5,31,20,2.4,0,4,1,0,24,5,1,1
54,13,7,393.37,44,35,21,7,1.8,0,7,1,1,2,0,2,1
41,8,5,369.94,1,1,6,0,1.8,0,2,1,1,2,1,0,1
46,39,7,157.24,29,21,8,27,2.6,0,6,0,1,83,4,7,1
63,1,1,169.65,29,31,44,48,2.9,1,7,1,0,27,0,1,1
48,44,2,398.34,11,15,0,38,4.0,0,5,0,1,22,7,6,1
52,24,5,236.11,9,17,28,13,1.7,1,6,0,1,47,0,8,1
50,38,9,368.1,43,4,7,20,4.0,0,1,0,1,66,8,5,0
38,8,2,82.51,10,35,3,29,1.7,1,7,0,0,41,9,1,0
49,21,5,427.75,14,29,34,20,0.3,1,4,1,0,87,2,1,0
40,42,5,358.33,15,44,2,48,2.8,0,6,1,0,39,1,8,0
50,45,1,454.4,16,18,44,8,2.9,0,0,1,1,5,0,9,1
20,3,6,74.86,25,22,39,16,4.7,1,4,0,0,19,8,7,0
35,25,1,300.58,1,33,6,4,3.6,1,0,1,1,10,3,8,0
42,28,5,303.57,49,12,26,30,4.6,1,7,1,1,95,0,3,0
59,44,0,183.2,11,42,0,39,4.5,0,3,0,1,26,0,3,0
48,33,2,234.65,25,28,26,37,3.0,0,3,1,0,20,6,1,0
20,22,1,28.61,22,35,15,42,2.6,1,1,0,1,12,1,9,1
57,36,6,375.47,17,21,37,18,2.8,0,4,1,1,85,6,0,1
63,10,3,279.17,31,46,6,35,4.9,1,0,1,0,34,6,9,0
41,5,7,38.29,48,35,43,49,3.9,0,8,1,1,46,9,3,0
49,17,5,343.57,37,8,22,32,0.5,0,4,0,1,85,8,9,0
64,20,9,238.72,46,38,40,12,3.9,0,5,1,1,27,6,9,0
39,41,3,26.89,2,18,10,13,0.9,0,1,1,0,20,0,7,1
40,35,4,485.11,37,37,41,32,2.2,0,9,1,1,17,7,1,0
19,40,8,475.06,2,5,32,28,1.1,1,9,1,0,30,7,7,1
44,37,6,261.32,29,46,49,42,3.4,1,0,0,0,59,3,0,0
59,33,9,55.9,0,14,35,48,4.4,0,3,0,1,36,7,0,1
19,16,8,379.76,29,19,36,35,1.5,1,6,1,1,20,3,3,1
43,36,6,251.05,44,8,40,43,0.4,1,5,1,1,13,7,6,1
34,24,0,158.2,31,31,16,9,1.5,0,9,1,1,88,4,8,0
57,37,7,250.79,27,3,34,30,3.4,1,0,0,0,90,3,4,0
50,11,3,266.0,20,49,47,5,1.6,0,0,1,0,59,5,1,1
26,22,2,285.73,45,17,4,0,1.4,1,7,1,1,22,1,6,0
60,41,6,226.2,12,4,47,6,0.9,1,3,0,0,94,1,1,0
56,21,2,306.82,26,19,31,26,2.5,1,4,0,1,28,1,8,1
46,20,7,460.18,35,22,2,20,1.4,1,6,0,1,46,8,8,0
59,26,5,187.51,6,10,46,27,3.7,1,7,1,1,29,9,2,1
43,30,4,365.6,21,36,34,15,0.4,1,9,0,1,89,2,7,0
52,5,3,448.28,9,21,13,45,3.3,1,6,0,0,83,9,3,0
42,26,7,233.43,38,3,47,22,1.2,0,1,1,0,37,3,2,1
41,39,7,227.29,14,28,30,19,2.4,0,3,0,1,82,9,0,1
30,33,0,305.04,14,43,30,37,1.4,0,9,1,1,26,7,4,1
24,11,8,299.79,3,33,16,24,3.6,0,0,1,0,88,3,3,1
53,44,4,405.23,31,12,23,27,4.7,1,9,0,0,86,9,0,0
62,6,3,243.48,22,41,22,4,4.6,1,8,1,0,92,9,9,0
37,9,5,498.1,5,8,17,20,2.9,1,2,0,1,14,6,7,0
18,44,5,39.14,23,41,49,17,2.3,0,2,0,0,58,4,7,1
25,16,1,11.55,19,30,13,46,4.1,0,9,0,1,2,8,7,0
63,25,7,323.7,36,6,49,5,3.4,0,8,1,1,9,3,2,0
33,20,6,156.23,19,3,14,28,0.9,1,9,0,0,78,2,5,0
31,27,0,127.79,11,18,14,18,4.1,0,2,1,1,79,1,6,1
29,45,4,162.83,32,41,5,32,2.1,1,7,1,0,16,0,8,1
40,1,5,135.46,27,29,26,0,0.9,0,1,1,1,82,5,4,0
32,42,3,25.09,7,30,14,44,1.4,1,2,0,1,10,9,8,0
45,0,1,486.05,0,34,49,2,1.3,0,1,1,1,47,1,5,1
51,35,3,118.17,36,20,35,41,2.6,1,0,1,1,4,7,9,1
19,25,0,369.67,21,30,7,20,1.2,0,1,0,1,68,5,9,1
49,28,6,383.67,5,18,14,34,0.6,0,7,0,1,63,4,9,1
40,20,1,465.34,20,30,2,40,0.6,1,8,1,0,13,1,3,0
39,10,1,24.97,31,31,46,39,2.9,1,1,1,0,49,6,0,1
42,39,8,437.3,34,1,12,2,3.7,0,6,0,1,25,1,0,0
39,10,4,268.34,14,9,40,24,1.6,1,4,1,0,71,4,9,1
39,35,1,319.95,4,1,33,44,0.2,0,2,1,1,68,1,4,0
59,48,8,325.79,45,1,23,37,0.6,1,8,1,0,6,9,2,0
23,38,8,411.7,49,23,39,44,4.6,0,5,1,0,15,1,4,1
32,39,0,173.37,47,16,31,19,2.5,1,0,0,1,54,6,4,0
60,34,2,369.2,5,31,31,43,2.3,0,4,1,0,77,8,0,0
54,33,3,269.0,24,15,29,44,0.2,0,6,0,1,55,4,7,0
50,46,6,398.76,45,15,48,33,3.6,0,3,1,0,3,6,4,1
25,23,9,495.37,39,45,12,20,2.6,1,7,0,1,99,3,4,1
61,21,3,108.32,28,38,0,47,1.0,0,9,1,0,47,1,8,1
61,4,1,497.38,6,30,33,22,0.6,1,4,0,1,16,2,7,0
22,32,6,54.01,39,42,14,5,1.9,1,8,1,0,35,1,0,0
56,35,5,11.14,12,23,43,12,4.2,1,8,0,1,69,4,2,0
21,46,2,31.64,37,0,13,48,4.3,0,8,1,0,79,5,6,0
23,19,5,177.47,17,10,28,22,3.0,1,0,1,1,92,6,0,1
62,18,5,320.12,1,20,33,8,3.6,1,1,0,0,99,2,0,0
49,34,4,43.82,7,3,17,16,0.6,1,2,0,1,37,3,4,0
47,42,3,12.78,10,6,6,1,2.9,0,3,0,0,61,7,8,0
64,16,9,469.17,32,25,28,18,3.3,1,9,0,1,47,3,5,1
52,44,0,412.74,37,46,30,18,1.0,1,8,0,1,9,6,9,0
57,42,9,406.5,47,49,24,6,4.4,1,9,1,1,35,5,1,1
33,33,5,443.37,26,11,37,41,1.0,1,5,0,1,28,6,8,1
30,8,1,353.02,19,30,13,41,1.6,0,0,0,0,77,0,5,0
59,25,2,61.16,11,16,7,19,3.1,0,8,1,0,3,2,4,0
47,1,7,205.56,42,32,26,8,3.2,1,5,0,0,43,5,4,0
36,8,9,364.34,30,10,1,16,3.5,1,3,0,1,55,2,2,0
34,8,5,147.36,26,27,16,26,0.6,1,3,0,1,41,6,5,1
36,39,2,346.83,31,31,36,46,4.2,1,2,1,1,99,8,3,1
45,16,6,22.0,9,0,13,1,2.7,0,6,0,1,12,2,9,1
43,0,3,160.01,2,46,24,35,2.4,0,2,1,1,45,0,1,1
54,24,8,279.07,44,27,29,18,4.9,0,1,1,0,81,9,2,1
43,42,4,319.72,26,41,28,16,3.7,0,9,0,0,32,5,8,1
40,39,2,292.75,34,6,19,4,0.6,1,7,1,0,20,0,8,1
26,41,1,351.9,30,1,20,38,3.8,1,3,0,1,79,0,5,1
29,24,1,12.98,14,41,21,17,0.5,0,7,0,1,78,7,9,1
18,38,2,59.46,15,23,34,6,0.1,0,0,0,1,56,8,9,1
18,34,1,435.78,12,3,36,16,2.0,1,4,0,1,68,1,8,0
64,2,3,344.06,48,43,15,38,5.0,1,8,0,1,69,8,3,0
51,49,1,65.34,34,18,49,35,0.9,1,0,1,1,66,4,4,0
49,36,9,422.62,10,25,48,39,3.4,1,3,1,1,47,7,9,1
42,43,8,128.69,20,10,42,44,0.9,1,5,1,0,75,6,5,0
57,43,1,244.35,10,39,16,3,3.6,0,9,1,0,99,6,8,1
62,29,8,81.15,29,49,15,37,2.5,0,7,0,1,32,3,4,1
18,37,5,357.95,47,42,1,24,3.4,1,2,0,1,35,1,7,0
33,33,0,336.76,34,10,3,4,1.0,1,4,1,1,32,4,0,1
56,11,3,113.45,21,44,20,29,3.7,0,6,0,0,30,2,4,0
22,18,0,433.07,37,2,38,11,5.0,1,0,1,0,20,8,9,1
39,36,5,206.64,30,11,33,3,3.3,0,6,1,1,26,5,0,1
46,43,3,153.33,13,2,29,23,2.5,0,7,1,0,90,0,9,0
20,48,2,84.64,23,41,5,28,4.6,0,7,1,0,71,2,5,0
29,16,2,140.42,49,26,16,8,0.1,0,8,0,0,61,3,6,0
43,9,8,20.79,48,48,38,3,3.6,1,5,0,1,95,8,4,0
33,48,5,295.8,31,1,24,23,4.4,1,5,1,0,25,5,0,0
54,46,8,422.69,35,48,4,13,0.3,0,1,1,0,65,3,5,0
39,11,4,279.0,31,15,4,4,2.3,1,2,1,1,11,0,9,1
46,15,1,117.44,14,1,19,17,1.0,1,3,1,1,21,7,4,1
31,23,7,26.5,42,29,15,41,2.8,1,3,1,0,16,1,5,1
45,18,4,115.17,34,19,40,18,3.2,1,7,0,1,6,7,9,1
22,7,1,213.9,2,37,36,11,1.5,0,0,1,0,67,5,6,0
64,30,3,382.21,15,27,39,17,2.3,1,9,1,0,36,7,6,1
47,20,8,102.04,4,24,8,16,1.4,0,3,0,1,37,5,1,1
63,16,3,362.7,20,31,4,29,1.8,0,3,0,1,95,4,2,0
22,22,3,434.8,9,9,41,23,0.8,1,0,0,0,10,4,5,1
29,36,1,232.43,18,41,1,10,4.4,0,2,0,1,0,9,2,0
33,15,5,412.5,24,39,8,34,0.1,1,4,0,1,24,9,1,0
43,5,1,281.78,3,32,42,22,4.4,1,5,0,0,41,7,3,0
43,7,6,322.17,28,12,35,16,2.9,0,8,0,0,51,6,4,1
38,24,2,267.88,18,40,21,0,1.7,1,8,0,0,23,7,9,0
56,17,2,236.95,42,41,21,14,3.6,0,8,0,0,52,7,8,1
53,24,4,124.98,1,46,21,31,2.5,0,0,1,0,55,6,2,1
50,11,2,158.57,9,36,33,8,2.5,1,8,0,0,62,1,2,1
47,14,1,152.09,42,15,28,14,0.6,1,7,1,1,80,8,5,0
54,25,9,286.01,24,44,37,27,1.9,1,1,1,1,7,6,4,0
40,40,8,68.78,19,21,45,23,1.2,0,0,1,0,58,5,5,0
27,44,1,459.23,47,19,32,34,0.1,1,0,1,1,44,8,6,1
22,25,1,363.12,18,49,17,21,1.8,0,5,1,1,26,0,2,1
53,46,7,206.71,22,42,6,26,0.4,0,8,1,0,51,1,4,0
51,31,8,87.73,23,26,0,18,1.3,1,6,1,1,17,0,7,1
48,9,6,442.18,10,40,32,44,0.5,1,4,1,1,90,9,3,0
27,15,2,413.65,45,15,0,11,0.5,1,1,0,0,85,2,9,0
36,6,8,363.64,33,33,23,19,1.0,0,0,1,1,15,4,1,1
49,16,2,143.06,27,31,3,0,5.0,1,1,1,1,65,0,3,1
18,22,4,207.2,4,25,3,20,0.0,0,0,1,0,4,3,1,0
22,25,8,60.35,4,24,17,48,3.2,1,2,1,1,81,7,2,1
62,20,2,102.63,20,1,26,44,0.7,1,5,0,1,2,5,3,0
21,21,6,393.68,11,11,42,0,4.6,0,7,1,1,90,0,3,0
33,6,0,360.37,49,39,31,9,0.5,0,2,0,0,80,0,9,1
41,13,3,300.81,3,8,32,46,4.8,1,9,0,0,79,2,8,0
33,14,3,448.91,48,11,27,31,3.1,1,8,1,1,69,9,9,1
19,6,6,295.8,41,25,41,38,0.0,1,9,1,1,6,7,5,0
45,8,7,238.81,19,8,40,21,4.5,1,4,0,0,49,7,8,1
49,47,0,176.78,37,9,35,17,2.6,1,6,1,0,13,2,3,1
44,7,4,470.82,24,31,5,47,1.3,0,7,1,1,37,6,8,0
37,49,6,50.53,13,33,15,45,3.8,0,2,0,0,78,2,8,1
41,22,3,466.13,10,47,33,31,4.6,0,1,0,1,46,3,5,1
29,28,3,415.09,31,19,22,26,2.4,0,1,1,1,32,8,4,0
52,17,3,73.67,10,38,49,27,1.6,1,4,1,0,42,3,2,1
50,30,5,286.84,17,1,41,17,3.9,0,0,1,0,90,2,4,0
50,29,6,434.61,26,0,23,38,3.4,0,1,0,1,28,4,2,1
60,38,1,290.19,17,35,48,48,4.4,0,8,1,1,56,6,4,0
54,34,4,454.53,22,23,12,28,3.5,1,6,0,0,4,4,4,0
29,17,3,472.06,10,26,17,17,1.2,0,5,0,1,92,3,1,0
20,41,2,216.97,20,1,12,43,4.7,1,8,1,0,95,7,8,0
18,38,6,194.88,43,30,48,7,0.5,0,6,0,0,59,3,6,1
50,16,5,468.8,4,13,36,30,1.3,1,4,1,0,69,1,5,0
57,13,6,340.82,22,1,42,33,2.6,0,8,1,0,1,9,4,1
27,30,4,66.85,40,28,38,6,2.8,1,5,0,0,69,5,3,0
60,23,5,30.72,24,14,41,35,0.1,0,5,1,1,42,1,7,1
61,34,4,286.67,40,11,16,17,3.9,1,3,0,0,3,2,1,0
46,43,6,465.78,9,36,14,37,1.8,1,0,0,0,55,0,7,1
30,44,1,423.68,21,27,17,8,2.0,0,4,1,0,92,4,0,1
29,33,4,341.17,18,19,22,8,4.0,1,8,1,0,58,8,9,0
48,2,5,78.17,0,38,29,45,1.9,1,7,1,0,88,1,0,0
63,36,5,134.57,6,23,33,7,0.2,0,7,1,0,8,6,2,0
19,42,4,439.0,3,20,3,34,0.9,0,4,0,0,2,4,4,1
52,39,9,99.58,0,9,2,17,4.8,1,8,0,1,89,1,5,1
40,25,6,146.44,14,45,6,4,0.4,0,2,0,1,47,7,3,1
34,22,9,73.5,39,13,17,13,1.8,0,2,1,1,42,5,6,1
43,43,7,341.29,11,36,41,27,2.5,0,0,0,1,90,3,6,0
25,38,6,472.55,21,17,6,29,2.5,1,8,0,0,99,3,1,0
46,14,4,141.79,21,23,39,3,0.0,1,5,1,1,95,1,1,0
43,48,0,242.95,49,13,5,38,2.5,1,1,1,0,0,2,1,0
27,3,4,320.83,46,33,21,19,1.9,1,7,1,1,56,6,1,1
43,28,9,499.74,16,11,0,24,4.9,1,8,0,1,52,2,8,1
51,21,1,61.36,28,21,3,27,0.8,1,8,1,0,15,4,4,0
58,24,4,254.3,45,5,45,11,1.8,1,1,0,0,50,9,7,1
24,12,4,198.71,13,35,48,1,2.1,0,1,0,1,74,5,4,0
21,17,1,434.25,49,44,49,42,2.0,1,6,0,1,89,5,4,1
62,32,4,243.22,19,35,42,13,3.3,1,3,0,1,54,3,0,1
28,15,3,64.38,49,21,28,21,1.1,0,0,0,1,0,5,5,1
46,44,0,320.87,47,13,20,30,1.1,0,7,1,0,89,2,3,1
53,41,2,387.68,32,15,25,22,3.6,0,1,0,1,27,6,2,1
42,43,0,11.41,42,35,13,47,2.5,1,2,1,1,52,6,5,1
38,1,4,430.89,14,24,8,19,2.1,0,4,0,1,57,3,1,0
53,34,3,101.15,11,31,46,37,0.8,1,2,0,1,72,1,7,1
27,41,6,280.51,39,32,11,3,0.9,1,6,1,1,59,6,0,0
54,33,4,213.74,19,44,41,14,0.1,1,6,0,0,58,2,8,0
26,29,9,362.63,29,35,5,23,0.5,0,1,0,0,21,0,7,0
41,12,3,191.87,37,19,19,24,2.8,0,6,1,0,7,1,0,0
52,12,1,436.18,2,17,23,0,4.5,1,5,1,0,48,9,9,0
52,17,3,367.94,27,37,26,6,1.4,1,9,0,0,41,8,8,0
53,31,1,327.38,25,2,37,30,1.6,1,8,0,1,26,7,1,1
35,31,7,400.16,29,22,7,11,0.6,0,8,0,0,38,5,2,1
56,34,2,379.47,12,31,0,41,1.9,1,1,1,0,82,5,1,1
49,38,8,27.61,12,44,48,4,0.2,0,6,0,1,24,0,7,0
41,45,3,203.42,1,15,48,43,4.6,1,4,1,0,37,1,1,0
40,28,5,466.1,36,4,23,49,3.4,0,5,1,0,84,3,9,0
49,48,9,71.6,48,3,46,41,5.0,1,0,0,0,23,2,1,1
54,28,4,371.18,37,20,6,37,4.4,0,6,1,0,23,0,0,1
29,43,9,487.55,1,39,18,11,2.4,0,5,0,1,59,7,6,1
30,15,0,35.58,35,13,21,38,2.6,0,3,0,1,82,6,1,0
40,43,8,344.28,25,38,34,17,1.0,0,0,1,0,49,3,9,0
42,46,0,239.4,10,30,29,1,2.3,0,8,1,1,65,8,4,0
52,9,7,293.8,7,13,28,9,4.5,0,3,1,0,13,3,4,1
58,29,8,51.82,43,5,21,14,0.3,1,1,1,1,52,0,2,0
47,24,8,31.07,39,11,10,29,4.3,1,7,1,1,31,9,2,0
34,38,0,336.76,42,15,19,43,1.7,1,1,1,1,95,0,2,0
37,19,1,413.42,21,16,28,16,4.5,1,4,0,1,91,0,5,0
42,4,0,393.19,19,44,40,3,4.7,0,5,0,1,47,0,3,1
39,0,9,276.46,7,22,41,6,3.4,1,7,0,1,38,3,2,1
30,29,1,58.93,28,13,33,40,3.3,0,0,1,1,39,0,1,0
36,48,9,347.14,39,6,0,30,2.3,0,0,1,1,41,1,2,0
53,2,7,128.53,25,45,30,38,4.2,0,3,1,1,76,3,3,1
29,44,4,456.42,29,31,29,33,4.8,1,4,0,1,75,6,5,1
58,13,6,420.75,16,14,47,5,3.9,0,8,0,1,7,1,3,0
36,29,1,357.6,19,43,17,49,3.1,1,6,1,0,78,7,7,1
29,49,7,474.93,15,16,16,37,3.0,1,6,1,1,25,6,2,1
26,3,5,25.4,45,40,37,44,4.2,1,7,1,0,11,8,2,0
24,17,7,370.74,42,46,13,33,2.7,1,4,1,1,42,5,2,1
45,36,0,171.82,6,43,22,43,4.0,1,4,0,0,50,3,7,1
31,24,0,453.97,15,33,24,14,2.5,0,0,0,0,90,5,3,1
48,47,6,140.67,44,4,14,13,0.3,0,8,0,0,81,3,0,1
36,0,7,365.18,46,44,45,5,1.9,1,5,1,1,99,6,1,0
64,45,2,440.05,47,26,21,49,2.2,0,8,0,1,62,8,9,1
33,14,4,30.41,26,22,2,36,0.7,1,2,1,1,48,2,1,1
22,8,0,204.85,22,39,18,49,0.5,0,4,1,1,26,2,2,0
52,14,6,383.53,23,13,43,31,2.7,0,1,1,0,8,1,5,1
29,48,4,232.91,8,14,33,2,0.4,0,9,0,1,38,0,7,0
42,23,7,140.95,34,42,34,2,1.5,0,4,0,1,64,0,0,0
38,3,7,117.7,19,32,49,21,3.7,0,7,1,1,70,2,8,1
53,11,8,74.44,36,30,0,21,4.8,0,1,0,1,89,6,0,1
40,36,6,429.99,41,34,20,9,3.6,0,7,1,1,70,8,9,1
33,36,0,291.92,16,16,28,2,5.0,0,3,1,1,6,1,1,1
56,42,2,47.43,46,27,5,11,3.5,0,9,1,1,71,6,2,1
62,5,7,197.46,30,18,36,28,1.5,0,9,0,1,79,0,6,0
59,38,2,190.19,7,45,0,47,3.4,0,0,0,0,66,1,8,1
56,45,7,99.05,14,22,0,16,3.5,0,4,1,0,9,5,2,0
31,23,0,223.4,30,31,26,6,1.9,0,0,0,1,70,4,7,1
48,10,4,172.73,29,39,20,12,0.1,1,6,0,1,84,7,8,0
22,12,3,177.48,45,12,15,1,3.5,0,7,0,1,52,1,9,1
52,33,4,372.12,19,19,43,3,0.1,0,2,0,1,94,0,6,1
40,24,7,119.4,38,34,39,9,3.2,0,2,1,0,86,6,3,1
46,6,9,324.51,11,4,25,38,0.8,0,6,0,0,56,5,3,1
60,3,3,289.62,48,8,15,23,2.8,0,3,1,1,90,7,3,1
28,7,3,288.37,16,28,27,16,2.5,0,2,1,0,85,7,5,0
35,19,2,334.87,41,5,0,5,0.1,1,7,0,0,26,1,3,1
64,28,6,278.71,29,24,35,18,1.8,1,2,1,1,53,7,4,1
29,44,2,440.84,28,30,9,4,3.0,1,6,1,1,3,5,8,1
26,45,2,341.03,18,21,42,31,4.2,0,1,0,1,87,8,6,0
27,9,9,278.01,45,1,16,9,4.4,0,0,1,0,22,6,7,1
61,42,4,416.58,10,44,22,8,2.4,0,5,1,0,47,1,4,0
34,33,4,307.01,33,4,6,26,3.6,1,7,0,1,82,7,4,1
55,25,5,152.66,49,26,43,12,1.6,0,0,0,1,41,8,6,0
24,40,7,111.48,6,24,6,18,1.7,0,9,0,0,2,6,7,1
63,48,9,84.64,43,7,43,20,1.0,1,8,0,0,90,3,8,1
30,2,5,450.73,33,0,14,23,2.8,1,2,0,1,2,8,1,0
57,5,0,357.97,19,19,33,37,1.6,0,2,1,0,27,3,2,1
59,4,7,469.32,49,43,45,3,0.4,0,3,1,1,62,3,1,0
26,4,7,305.61,37,22,44,23,3.4,0,0,0,1,80,8,9,1
44,46,8,241.97,23,31,3,34,3.5,0,8,0,0,30,7,6,1
19,22,8,39.26,9,10,13,2,1.8,1,2,1,0,9,3,1,0
22,48,1,339.1,31,38,13,3,0.4,0,9,0,0,48,7,1,1
46,8,1,295.28,14,46,15,36,2.1,0,3,0,1,85,7,1,0
54,34,2,495.2,36,23,6,39,2.2,1,0,1,1,93,6,3,0
55,19,0,127.19,19,10,31,47,3.3,0,3,1,1,20,9,0,1
36,48,3,270.06,2,28,18,34,1.6,0,0,1,1,99,5,1,1
25,41,3,328.97,36,25,1,30,3.4,1,4,0,1,52,7,2,1
62,34,8,325.85,39,15,9,43,4.4,1,4,1,1,86,6,6,0
18,49,8,285.03,7,34,49,24,1.2,0,6,0,0,75,4,9,0
39,17,8,390.69,39,19,16,39,4.9,1,7,1,1,88,3,0,1
34,16,9,110.44,43,45,36,12,1.9,1,3,0,1,53,1,5,0
24,23,6,365.56,22,2,11,3,1.3,0,6,0,1,56,7,2,0
42,2,1,313.67,39,0,5,45,2.1,1,3,0,1,19,8,2,0
62,31,9,449.08,10,46,21,13,0.5,0,2,1,0,48,3,3,0
21,34,4,425.13,45,0,31,12,0.6,0,5,1,1,6,3,3,1
53,37,3,164.42,7,16,40,26,2.1,0,3,1,0,28,4,6,1
23,12,7,145.36,28,1,19,5,3.8,0,2,0,0,47,1,2,1
48,46,1,491.01,29,28,0,16,4.5,1,8,1,1,92,6,7,0
36,24,5,268.36,9,19,46,35,3.3,0,4,1,1,12,4,7,0
61,8,4,454.15,38,5,5,39,0.5,0,6,0,0,2,5,6,0
56,3,1,90.3,27,7,18,48,3.4,0,5,0,0,1,3,1,0
44,13,9,324.98,48,28,17,34,3.2,0,9,1,1,15,7,4,1
27,36,0,406.83,35,47,5,16,4.0,1,4,1,0,93,7,5,0
43,33,7,474.22,12,32,44,40,4.1,1,6,1,1,5,4,9,0
36,10,1,175.3,31,2,32,1,4.3,1,5,0,1,44,5,3,1
56,40,6,365.24,35,34,22,12,2.1,0,9,1,0,70,2,9,1
20,2,8,274.02,36,4,22,1,3.5,1,1,0,1,4,0,4,1
62,27,8,39.71,25,26,25,27,1.3,1,2,0,1,55,8,8,0
30,28,7,348.1,21,43,12,42,5.0,0,1,1,1,70,8,6,0
45,8,9,348.15,3,11,6,25,0.9,1,2,1,0,97,2,1,0
37,2,8,466.0,30,19,14,21,0.1,0,0,0,0,31,3,0,0
45,24,1,253.68,17,44,43,46,0.7,1,7,0,0,48,6,1,0
25,33,5,122.82,37,19,26,42,3.9,1,5,1,1,12,1,2,0
58,11,3,31.84,23,8,25,2,2.2,1,1,1,0,29,2,1,1
56,41,3,213.66,22,38,32,34,2.2,1,7,1,0,24,5,2,0
18,8,4,157.94,21,3,14,11,4.8,0,5,0,0,84,7,9,1
20,14,2,382.93,1,18,35,23,4.6,0,6,0,1,59,0,8,1
30,39,0,183.59,30,37,44,4,1.6,1,0,1,1,58,3,3,1
45,24,7,475.04,10,26,26,19,1.0,0,6,0,0,84,0,8,0
42,4,4,481.53,27,44,4,38,4.2,1,2,0,0,27,1,2,0
50,10,2,314.25,45,42,1,38,4.5,1,7,1,0,57,7,0,1
55,33,9,465.04,31,12,32,12,2.7,1,5,0,1,19,5,4,0
23,23,6,382.82,4,12,15,40,3.1,1,3,1,0,33,8,9,0
61,14,6,277.96,37,21,22,44,1.3,1,7,1,1,4,1,9,1
62,37,0,98.35,9,27,37,11,4.0,1,8,0,1,81,2,1,0
49,7,8,234.71,39,46,15,12,3.2,0,9,0,1,59,8,3,0
62,4,1,284.83,45,44,13,9,2.5,0,1,1,0,42,8,1,0
64,47,4,433.34,23,21,28,32,0.3,1,5,0,0,56,5,1,0
38,25,4,245.85,34,42,25,39,4.6,0,4,1,1,56,2,2,1
33,17,7,449.86,43,18,34,15,3.1,1,4,0,1,74,4,4,1
38,5,7,340.43,47,7,14,44,1.0,0,9,0,1,53,1,3,0
28,36,6,77.13,22,7,2,34,3.0,0,2,0,1,80,6,1,0
54,47,6,497.54,16,41,22,2,3.4,0,7,1,0,44,9,9,0
53,12,5,268.34,0,25,28,4,2.6,1,7,0,0,85,7,1,1
52,27,5,202.01,30,47,33,25,3.6,0,4,1,1,36,5,5,0
36,4,8,332.97,30,25,32,10,2.9,1,7,1,1,83,7,6,0
37,12,5,63.36,41,22,40,6,4.7,1,9,1,1,47,1,9,1
35,16,1,321.9,41,42,40,9,0.3,1,7,0,0,53,2,5,0
64,49,1,254.14,33,12,22,41,0.5,0,2,1,1,47,6,6,1
58,39,4,209.27,8,27,6,33,0.9,0,1,1,0,5,9,0,0
31,44,3,476.98,21,8,2,2,3.5,0,8,0,1,33,0,5,1
32,31,1,266.04,12,19,31,7,3.2,1,1,1,0,62,6,2,0
48,28,2,117.37,24,18,30,30,4.5,1,8,1,0,77,5,0,0
18,2,6,234.89,47,47,17,10,3.7,0,3,0,1,47,7,7,1
20,39,7,460.5,17,38,42,44,2.5,1,1,1,0,22,6,3,1
33,33,5,96.29,11,11,6,6,5.0,0,9,0,0,83,3,9,1
40,39,4,114.84,39,14,40,44,1.3,0,0,1,0,12,2,7,1
28,26,0,16.38,16,30,0,1,4.2,0,3,1,0,46,2,9,1
29,12,7,16.95,14,13,13,5,2.1,0,8,0,1,43,3,3,0
27,44,2,416.4,41,10,31,40,3.2,1,8,1,1,31,8,3,1
49,32,5,368.74,14,25,5,31,3.6,0,3,1,1,25,8,9,1
33,5,2,183.97,14,41,38,19,3.2,0,8,1,1,52,1,3,1
25,23,6,352.17,38,26,9,33,0.7,0,5,0,1,13,4,5,1
55,18,6,203.65,12,10,6,49,2.2,0,0,0,0,51,0,8,0
29,15,8,476.92,16,37,25,15,2.8,0,9,0,0,35,3,4,0
41,39,4,483.86,31,33,33,24,4.2,0,5,0,0,7,1,9,0
45,27,7,202.47,8,42,29,11,2.2,0,8,0,0,39,7,7,0
25,32,9,428.57,39,18,35,6,4.6,1,1,1,1,85,3,7,0
45,47,9,388.81,19,5,20,38,2.2,1,5,0,1,21,4,3,1
53,40,7,161.9,25,45,16,16,2.7,1,1,0,0,15,3,9,0
43,12,0,123.7,26,37,32,44,4.0,1,3,0,1,90,4,8,0
25,42,4,234.53,20,48,9,10,2.9,0,7,1,0,59,4,8,1
45,44,2,392.86,17,41,46,5,4.8,1,6,1,0,59,4,4,1
45,24,0,480.48,12,27,41,22,3.3,1,8,0,1,9,2,5,0
54,41,3,384.15,15,0,11,26,2.6,1,6,1,1,24,6,4,0
58,35,7,429.05,8,34,15,45,0.1,0,0,1,1,30,2,2,1
53,26,2,305.5,11,39,40,5,2.1,1,1,1,1,20,1,7,0
44,37,9,419.35,43,7,31,37,1.5,1,5,1,1,90,2,8,1
34,6,1,394.37,37,46,14,1,3.7,0,6,0,1,80,2,3,1
26,4,8,194.72,18,6,26,21,1.0,1,2,0,1,32,7,8,0
50,42,9,280.48,6,10,27,19,1.0,0,8,1,0,30,3,8,0
37,44,4,404.33,34,38,16,24,0.9,1,6,1,1,89,2,6,0
30,30,6,32.57,47,3,45,14,0.6,0,5,1,0,20,9,7,1
45,22,1,405.96,17,24,49,48,1.6,1,5,1,0,35,4,2,1
46,41,8,97.17,15,11,1,28,4.4,1,0,0,1,64,3,4,0
30,9,8,262.19,38,25,35,7,3.9,1,4,1,0,3,8,2,0
63,31,3,406.05,3,37,49,36,3.7,0,9,0,1,67,7,6,0
52,42,3,134.37,24,45,6,48,4.0,1,2,1,0,89,6,5,1
23,29,5,130.45,31,11,12,32,1.3,0,6,0,0,3,7,2,1
35,38,9,207.35,39,42,14,21,4.4,0,9,1,0,8,4,8,1
22,30,9,448.37,12,36,24,49,0.7,0,2,0,1,29,3,0,0
64,17,9,10.22,44,45,22,46,1.7,0,4,0,0,44,6,9,1
42,35,5,451.68,16,23,21,4,2.9,1,6,0,0,3,0,2,1
19,1,0,85.37,48,15,25,38,0.5,1,2,1,0,68,5,9,0
27,13,8,495.14,36,12,32,17,3.7,1,9,0,1,22,7,6,1
47,12,1,477.88,5,24,10,37,1.9,0,1,1,0,15,6,2,0
62,28,4,252.39,18,3,9,36,3.9,1,5,0,1,21,1,2,1
22,11,8,261.23,12,10,24,29,2.5,0,7,0,0,71,6,1,0
50,38,3,245.96,25,31,36,30,0.9,0,3,1,0,47,5,8,0
18,1,2,321.37,13,48,47,9,3.7,0,8,0,0,61,4,3,1
35,31,6,54.45,30,6,42,14,1.3,1,7,1,1,96,3,9,0
49,12,5,25.98,3,45,37,41,2.5,1,6,1,0,59,0,5,1
64,45,7,38.27,38,10,40,47,0.4,0,6,1,0,79,1,1,0
28,26,2,227.74,7,27,44,43,3.1,1,2,1,0,4,6,8,0
38,48,4,145.02,24,40,23,17,3.3,1,5,0,0,79,9,6,0
43,40,9,314.8,12,22,39,22,1.9,0,4,0,1,6,2,9,1
42,16,3,496.3,31,44,45,32,4.8,0,0,1,0,50,4,4,0
39,39,3,199.3,37,22,32,15,4.4,1,2,0,0,64,7,6,0
44,30,3,291.18,37,49,16,37,3.5,0,0,0,0,8,7,3,1
30,33,9,213.65,27,27,23,34,3.6,0,3,1,0,81,5,9,0
50,23,7,425.16,29,42,36,33,1.3,1,9,0,1,44,4,6,0
51,44,5,452.1,2,46,1,27,3.3,1,2,1,0,46,1,1,0
58,34,2,439.9,27,25,31,1,1.0,0,3,0,0,66,8,6,0
52,47,9,487.44,2,24,23,29,0.7,1,8,0,1,23,0,3,1
18,5,4,23.48,44,28,8,12,5.0,0,2,1,0,91,1,3,0
38,18,5,421.51,33,18,3,40,3.1,0,5,0,0,9,0,0,0
23,29,4,378.37,15,32,16,15,2.2,1,5,0,0,72,3,2,1
45,6,5,122.06,21,35,16,4,1.4,0,6,1,1,76,3,4,0
34,9,7,478.6,31,13,49,27,3.0,0,8,0,0,47,4,4,0
22,40,6,82.61,37,13,47,38,0.2,0,6,1,1,34,4,1,1
48,31,4,342.98,7,34,29,44,0.5,1,0,0,1,53,7,3,1
22,33,9,120.2,7,29,39,19,0.2,1,7,1,1,86,2,0,1
55,27,5,221.38,5,27,10,23,2.5,1,4,1,1,80,5,8,1
20,14,3,362.39,13,16,20,26,3.0,0,8,1,1,70,2,0,0
40,29,8,286.03,31,2,20,29,0.3,0,9,1,1,15,1,5,1
54,36,3,219.48,34,15,17,44,3.6,1,4,1,1,52,7,6,0
54,28,0,169.91,9,45,28,26,1.2,1,4,0,0,39,0,2,1
27,21,6,421.43,2,29,23,25,3.4,1,1,0,0,99,8,0,0
27,3,6,80.47,11,28,9,6,4.9,0,2,1,1,19,6,6,1
36,19,3,220.75,48,44,44,41,3.5,1,9,0,1,87,9,2,1
34,31,2,452.84,30,14,16,46,4.4,0,8,1,1,68,3,9,0
38,35,7,424.47,28,45,17,37,4.7,1,6,0,1,44,2,5,1
31,49,4,206.46,4,24,41,4,2.4,0,0,0,1,5,5,5,1
26,3,9,383.92,24,37,47,22,3.5,0,2,1,1,91,8,3,1
63,26,6,413.35,40,41,19,27,4.3,1,1,1,0,68,8,5,0
18,16,3,445.55,30,46,36,33,1.8,0,0,0,0,48,3,9,1
62,11,3,276.81,20,37,44,14,1.3,1,8,0,1,38,9,3,1
30,21,7,110.19,19,22,17,31,4.7,0,7,1,1,1,4,7,0
21,16,7,135.1,38,24,16,25,3.6,0,4,0,1,38,8,8,0
18,9,1,154.89,21,41,8,47,1.1,1,1,0,0,20,1,1,1
57,0,1,300.96,3,6,13,30,2.2,0,0,1,1,39,1,6,0
49,21,2,26.08,12,21,48,18,4.0,1,6,0,0,81,4,8,0
51,25,2,321.66,44,16,28,8,2.7,1,1,1,0,53,0,8,0
45,17,0,188.53,41,17,30,28,3.2,1,0,1,0,11,7,4,1
48,49,2,154.67,49,48,3,38,3.8,0,1,1,1,80,4,0,1
25,13,5,440.95,48,40,17,3,3.1,0,6,0,1,36,9,5,0
56,46,7,235.4,19,9,19,2,2.7,0,6,0,0,37,1,7,1
43,28,9,56.58,12,9,46,28,3.7,1,9,1,0,14,8,0,0
51,11,5,415.11,16,6,42,10,3.6,1,5,1,0,6,1,1,1
20,35,4,33.34,35,47,43,32,3.1,0,4,0,0,77,6,0,0
29,34,3,366.11,32,49,8,37,1.8,0,2,0,1,49,7,4,1
18,11,2,389.21,0,37,12,10,2.0,1,2,0,0,64,5,1,0
61,6,3,182.78,14,26,14,26,4.9,0,8,1,1,66,6,9,1
22,28,6,414.15,12,32,26,32,0.6,1,3,1,0,43,0,9,1
47,10,0,262.67,16,0,14,20,1.3,0,8,0,1,30,3,3,0
47,32,6,237.01,23,43,27,38,2.5,1,3,0,0,42,6,0,1
34,5,0,32.25,7,33,36,30,4.2,0,1,0,1,76,0,6,1
64,46,1,152.11,49,3,18,37,0.8,0,3,1,1,47,0,7,1
40,14,3,466.19,26,16,25,45,1.4,1,5,1,1,81,5,4,1
32,31,0,201.99,44,3,25,1,0.3,1,5,0,0,80,3,1,1
54,10,8,277.88,22,42,24,26,3.5,1,4,0,1,80,2,7,1
38,22,5,270.69,45,25,25,35,1.2,0,0,1,0,60,4,0,1
31,25,0,299.31,7,3,25,10,1.9,1,2,1,1,74,8,6,1
19,33,0,40.05,7,0,45,46,2.2,1,4,0,1,83,9,0,0
28,45,5,187.47,25,6,27,17,4.5,0,5,0,0,9,9,5,1
56,33,3,364.33,46,29,48,0,2.1,1,0,0,1,28,9,5,0
55,28,3,108.27,12,49,17,34,0.7,1,8,1,1,47,2,4,1
51,3,5,109.75,38,8,31,34,2.6,1,2,0,0,97,4,1,0
55,16,6,14.94,36,34,2,30,4.8,0,9,1,1,80,9,1,1
51,34,8,224.37,48,7,1,27,3.0,0,2,1,1,61,4,8,0
35,12,9,442.54,27,23,32,38,4.9,0,1,0,1,12,8,4,0
47,40,4,35.43,24,18,41,0,4.2,1,7,0,1,43,9,4,1
32,38,8,103.65,15,35,18,24,0.2,0,2,1,0,46,3,6,0
44,14,3,161.94,1,49,16,42,3.3,1,5,0,1,63,0,5,1
51,28,9,368.55,17,42,43,37,1.4,1,1,1,1,90,9,1,1
55,28,1,323.91,16,26,32,19,2.8,1,6,0,1,52,4,0,0
50,10,2,213.81,29,31,11,2,1.4,0,3,0,1,89,0,4,1
41,31,0,381.94,38,13,48,1,1.7,0,8,0,1,91,5,3,0
32,1,5,308.72,12,17,2,17,4.6,1,9,0,1,76,9,2,0
47,46,5,449.06,31,27,42,43,1.0,1,8,1,1,75,9,1,1
59,13,0,410.83,49,28,48,9,4.4,0,6,1,1,43,6,9,1
34,19,2,133.88,28,15,25,4,0.2,0,7,1,0,27,0,1,1
22,21,4,143.0,45,34,34,8,0.5,0,2,0,0,1,9,3,1
46,10,2,71.42,29,46,7,1,4.3,1,4,1,0,56,3,1,1
21,26,9,175.11,17,30,35,33,3.2,0,1,1,0,56,8,3,0
27,2,2,499.78,12,3,6,37,3.7,0,9,1,1,33,0,2,0
34,16,9,208.82,42,36,45,30,1.0,0,6,0,1,86,8,8,1
27,43,2,118.04,20,16,45,9,2.7,1,7,1,0,57,7,6,1
34,27,4,383.62,29,38,35,49,3.7,0,8,0,0,51,4,2,1
37,28,4,275.81,20,47,15,11,3.1,1,6,0,0,28,5,7,0
41,20,3,83.3,47,45,23,35,2.4,1,9,1,1,34,6,8,0
22,46,0,196.54,16,25,0,20,4.8,1,9,0,1,74,3,6,0
51,15,4,213.09,39,47,48,48,3.4,0,7,1,0,47,5,5,1
23,36,9,379.38,18,38,24,46,4.5,0,8,1,0,32,6,3,1
19,19,4,20.13,14,40,9,5,3.6,0,5,1,0,74,5,4,0
30,5,3,141.82,8,3,15,47,3.7,1,9,1,0,72,5,7,1
60,18,5,263.62,9,29,15,48,0.4,0,1,1,0,77,1,2,1
60,4,9,141.73,43,29,7,2,1.8,1,1,0,1,8,4,1,0
28,2,3,317.93,30,21,28,9,4.3,0,3,1,0,47,2,2,0
64,0,6,246.12,22,10,38,4,1.2,0,8,0,1,66,6,6,1
40,37,6,187.24,29,1,27,45,0.6,0,6,1,0,92,3,7,0
33,14,1,475.11,32,43,5,25,1.6,0,1,1,0,82,0,0,1
48,33,2,319.76,8,11,15,20,1.1,1,7,1,1,35,5,6,0
28,34,0,73.67,46,29,19,44,4.6,1,6,0,0,95,5,8,0
33,48,7,284.44,0,35,15,25,4.3,1,8,0,1,70,6,2,1
25,24,8,392.56,43,17,6,37,2.5,1,7,0,1,91,7,2,1
21,23,3,357.16,34,25,40,43,0.3,0,2,0,0,43,2,7,0
57,11,5,94.32,10,6,13,25,3.6,1,0,1,0,81,5,3,1
21,17,8,486.49,33,0,42,7,3.1,1,1,1,1,59,9,7,0
42,14,5,229.92,15,25,25,4,4.9,1,1,0,1,62,1,4,1
20,43,8,87.92,8,22,25,14,2.8,0,3,0,0,4,8,2,0
49,15,3,98.3,31,25,13,15,1.7,1,5,0,1,86,1,3,0
20,26,7,58.14,14,44,6,0,2.6,1,3,1,0,85,2,3,0
44,7,8,403.72,11,5,32,15,4.9,0,8,0,1,89,9,7,1
46,45,3,69.79,32,5,25,36,3.5,0,3,0,0,75,1,5,0
49,24,4,71.31,44,43,44,2,3.4,1,5,1,1,39,8,6,0
36,16,7,426.73,13,7,19,46,1.2,1,5,0,1,18,0,8,0
38,28,9,178.86,7,23,2,30,3.7,0,9,1,0,46,4,5,0
22,7,5,25.12,7,21,3,12,3.8,1,9,1,1,64,0,2,1
35,14,6,35.43,26,18,25,15,1.6,0,0,1,1,66,4,2,1
45,26,2,79.66,11,36,10,42,2.4,1,7,1,1,90,7,2,0
59,45,6,114.56,0,17,1,20,1.5,1,2,1,1,17,7,9,0
39,49,7,335.92,42,30,13,1,1.3,1,5,0,1,49,7,1,1
38,6,9,87.09,39,36,43,26,0.1,1,2,0,1,29,1,0,0
23,2,5,68.25,41,29,29,37,1.4,1,1,1,1,65,7,9,1
18,28,9,384.71,10,41,48,25,2.8,0,4,1,0,4,4,0,0
22,43,8,338.82,38,32,11,37,0.0,0,0,0,1,92,0,3,1
58,23,5,223.31,42,9,25,45,1.4,1,8,0,1,96,6,2,0
29,2,8,279.16,30,36,43,24,4.4,1,6,1,0,41,5,4,1
43,19,3,162.87,16,11,32,10,3.0,1,2,0,1,83,4,8,1
63,45,7,246.43,32,29,12,7,3.0,0,3,0,1,93,0,7,1
51,14,3,258.27,31,26,13,7,2.0,0,5,1,0,4,0,8,0
31,24,1,199.75,28,38,23,32,3.4,0,2,0,1,49,5,4,1
43,29,9,454.22,20,8,33,6,0.9,0,6,0,1,84,9,7,1
62,13,8,17.87,20,20,43,37,4.1,0,5,0,0,57,6,3,0
44,6,4,393.26,39,11,25,20,0.6,0,8,0,0,78,9,4,0
26,16,3,70.95,22,28,20,7,3.3,0,4,1,1,83,9,2,0
43,43,1,400.8,5,32,27,20,1.7,0,3,0,1,7,0,4,0
64,19,0,311.8,21,42,47,19,3.7,1,2,1,0,30,8,2,1
39,35,6,423.21,49,14,35,7,2.7,0,9,0,1,11,3,4,0
64,8,5,57.78,37,1,39,45,2.3,0,0,1,0,20,4,4,0
47,37,1,283.9,36,38,1,30,0.8,0,2,1,0,93,1,5,0
60,47,7,255.53,44,43,41,49,3.2,0,2,0,0,61,9,8,0
34,21,3,356.03,7,17,8,28,4.9,1,6,1,1,90,7,0,0
43,1,7,271.8,40,2,22,47,4.1,0,6,1,0,89,1,9,0
53,23,6,274.96,48,6,14,8,0.3,1,0,1,0,32,2,5,0
18,7,4,220.5,34,42,12,14,1.9,1,2,1,0,25,8,0,1
25,10,9,161.33,10,17,22,29,4.6,1,7,1,1,89,1,5,1
52,12,9,246.31,23,43,16,25,2.5,0,8,0,1,99,5,1,1
32,16,7,68.06,48,37,47,9,3.3,0,6,1,1,39,3,7,1
64,7,8,481.14,20,36,1,28,4.6,0,6,1,0,64,6,2,1
39,20,4,360.06,1,32,19,15,4.4,1,7,0,1,58,5,9,0
31,17,9,476.71,39,43,19,35,2.5,1,5,0,1,14,9,5,0
43,29,4,121.1,18,30,45,19,2.2,1,2,1,0,0,8,5,0
45,17,1,440.88,38,10,2,44,1.7,1,0,0,0,10,8,3,0
40,45,4,406.31,27,3,11,36,3.6,0,6,0,1,54,9,4,1
31,46,2,341.8,16,17,39,21,1.4,0,0,0,1,1,3,1,1
41,30,6,316.26,5,3,1,6,1.2,0,0,0,0,64,0,9,0
19,37,9,165.11,18,48,35,22,1.8,1,8,0,1,94,1,9,0
62,31,4,410.04,37,33,13,40,0.9,1,9,0,0,43,7,7,1
43,10,7,255.74,27,28,15,39,3.5,0,6,1,0,15,9,9,1
31,44,0,44.74,1,23,18,28,3.1,0,3,1,1,21,7,6,1
24,24,2,163.3,37,21,33,15,2.4,1,5,0,1,17,1,9,0
20,32,2,468.3,36,1,43,37,2.0,0,0,0,1,46,3,5,0
64,37,8,426.83,3,43,45,27,4.5,0,6,1,1,80,0,6,1
40,40,4,491.13,21,5,5,47,0.1,1,5,0,0,29,6,0,1
63,7,8,317.72,25,41,12,37,3.8,1,3,1,1,9,3,4,0
60,10,8,131.28,48,24,35,30,4.5,1,6,0,1,98,7,6,0
64,21,0,89.78,42,20,21,13,2.2,0,2,1,1,57,8,0,0
62,23,1,101.59,35,15,17,32,2.8,1,0,1,0,61,8,1,0
35,40,4,19.7,12,30,11,8,4.7,0,3,0,1,84,2,8,1
55,16,3,201.43,31,13,29,26,1.1,0,2,0,1,79,4,2,1
52,11,9,103.8,16,38,39,23,2.6,1,0,0,0,5,5,5,1
32,45,8,211.71,40,27,6,12,2.4,0,1,0,0,66,5,6,0
42,31,6,468.15,35,31,31,25,1.3,1,4,1,0,40,9,8,0
54,14,5,220.96,45,27,47,28,4.1,1,7,0,0,42,7,4,0
45,15,6,440.21,18,48,18,48,4.5,0,0,1,0,84,5,3,1
27,21,0,306.7,34,8,5,42,3.9,0,3,0,1,76,5,1,1
56,27,0,131.09,45,44,19,27,1.0,1,3,1,0,17,3,2,1
34,19,7,184.37,39,21,26,27,0.4,1,4,0,0,57,6,4,0
56,32,1,51.12,27,31,42,7,3.0,1,6,0,0,59,7,1,0
39,9,9,173.4,0,4,36,22,0.3,1,7,1,0,87,2,3,1
43,39,8,342.0,41,22,47,28,3.4,1,5,0,0,26,6,0,0
61,31,6,45.33,17,4,6,4,2.7,1,0,0,0,67,2,3,1
42,49,5,110.65,47,41,4,41,3.3,0,6,0,0,21,7,6,1
34,32,0,196.91,39,31,10,6,3.0,0,2,0,0,23,0,2,1
30,1,0,491.2,32,9,14,41,2.1,0,5,0,1,39,0,9,1
37,32,1,394.58,11,38,2,35,1.0,0,7,1,1,73,5,7,0
42,32,5,369.41,7,14,4,40,1.5,1,6,0,1,65,9,5,0
21,40,5,66.93,23,6,22,26,2.6,0,9,1,0,39,8,5,0
27,12,1,392.69,15,28,36,45,3.3,0,5,0,0,5,3,0,0
20,29,0,394.78,49,46,8,1,3.9,1,8,0,0,17,5,4,0
58,32,9,304.54,3,2,14,24,3.8,0,8,1,1,80,4,2,0
62,12,4,495.28,37,18,2,8,4.9,1,0,1,0,86,0,9,1
35,25,4,169.37,43,9,28,26,1.4,1,0,1,0,29,5,0,0
64,21,1,471.22,26,27,5,0,0.4,1,0,1,0,20,8,7,0
53,38,5,458.22,8,28,16,22,1.7,1,7,1,1,61,2,6,0
64,1,8,15.63,46,14,25,9,3.7,1,9,0,1,9,2,6,1
39,37,1,230.56,15,34,20,41,2.2,0,6,1,0,12,1,9,0
51,38,9,488.78,11,5,7,24,4.1,0,2,1,1,75,3,9,1
64,25,1,60.53,30,11,20,2,2.7,0,1,0,0,8,9,9,0
25,45,2,278.41,23,46,10,5,4.6,1,3,0,0,67,2,3,0
57,49,6,489.69,13,37,37,5,4.7,0,2,1,1,38,1,5,0
61,14,5,282.19,44,12,7,1,0.3,0,6,1,1,23,0,8,1
36,33,7,103.01,24,28,41,17,2.3,0,9,1,1,33,2,2,1
59,41,7,295.27,33,18,23,22,3.0,0,7,0,1,60,9,8,0
58,43,5,110.18,2,2,34,1,1.3,1,5,1,0,40,5,3,0
54,48,9,264.66,23,7,13,11,2.0,0,2,0,0,4,8,4,0
23,39,2,46.28,41,7,13,21,3.4,1,5,0,1,78,4,6,1
43,10,2,306.69,8,19,9,36,1.1,1,1,0,1,49,2,5,1
51,2,0,263.23,25,46,11,19,3.0,0,6,0,0,3,4,9,0
62,5,6,372.68,19,3,37,38,3.5,1,9,1,0,50,4,7,1
23,8,4,319.04,39,20,43,23,0.5,1,6,0,0,51,4,7,1
54,5,3,279.31,9,2,45,47,2.5,1,3,0,0,38,6,7,1
50,8,9,347.99,18,44,33,19,1.3,1,7,1,1,7,4,2,1
39,38,3,80.53,2,7,40,0,3.6,1,3,0,1,44,6,9,0
38,30,3,301.73,23,22,9,0,0.9,1,6,1,1,87,8,5,0
23,31,5,94.33,4,15,16,16,4.5,1,3,0,0,27,4,6,1
23,40,7,463.51,2,12,16,0,2.2,0,4,1,0,26,1,8,1
21,49,7,43.48,26,2,2,44,1.0,0,6,0,1,64,4,9,1
47,11,4,220.88,15,47,30,29,2.2,1,9,0,1,33,7,9,0
28,7,5,350.94,48,8,0,40,2.0,1,2,1,1,80,3,3,0
47,7,3,234.43,14,13,11,46,2.1,0,9,0,0,61,1,4,1
48,49,8,55.13,34,12,38,2,2.9,0,4,0,1,61,9,7,1
41,27,7,281.16,11,6,3,45,2.6,0,2,1,0,37,2,0,1
26,19,9,324.4,40,14,41,10,0.7,0,4,0,1,25,8,5,1
20,46,9,354.86,43,6,12,23,0.3,1,2,0,1,23,8,3,0
48,6,0,192.9,25,37,33,21,3.6,1,9,1,1,38,7,4,0
57,10,1,286.19,46,33,41,43,2.8,0,6,1,0,20,7,4,0
54,19,8,230.84,33,40,20,44,1.8,0,0,1,0,93,7,1,0
53,15,7,339.31,22,21,21,25,4.0,0,8,1,0,46,7,7,0
41,3,2,295.94,30,23,3,12,1.9,0,8,1,0,47,7,1,0
48,5,7,267.62,49,48,17,0,4.0,1,4,0,0,12,0,3,1
23,21,0,132.27,19,36,4,23,1.5,0,8,1,0,2,5,4,1
19,25,9,10.99,11,43,18,9,0.4,0,9,0,1,31,8,0,0
37,2,3,95.3,22,0,1,34,4.7,0,5,1,0,34,7,5,0
45,40,2,67.36,3,9,11,23,2.0,1,4,0,1,18,2,1,0
28,41,5,230.05,22,42,16,27,4.0,1,2,0,0,13,0,4,1
21,13,6,310.01,47,15,9,35,1.4,1,7,1,1,47,1,5,1
32,10,3,114.41,47,45,33,15,3.2,0,3,0,1,85,1,7,1
23,17,6,470.14,0,7,5,39,4.4,0,9,0,0,80,6,8,1
47,11,8,13.27,24,48,7,15,0.2,0,2,1,1,67,5,5,0
55,22,1,388.43,1,24,10,16,4.2,1,5,1,0,44,1,4,1
19,11,2,316.35,29,49,11,14,2.9,1,7,1,0,18,7,3,0
32,12,4,193.04,2,11,8,15,3.0,0,8,1,0,63,8,1,1
28,24,2,34.74,20,24,1,14,2.6,0,5,0,0,65,6,1,1
25,44,7,317.47,24,16,7,33,4.4,1,4,0,1,78,3,6,1
43,18,9,198.95,19,25,10,10,0.2,0,1,0,0,65,0,4,1
62,45,7,468.77,48,45,35,0,1.3,0,1,0,1,74,3,6,0
61,35,7,275.58,21,47,9,14,4.4,0,8,0,1,44,3,0,0
22,44,8,470.43,20,13,20,25,3.8,1,1,0,1,86,7,0,0
23,7,3,118.04,32,40,19,3,0.1,0,1,1,0,73,3,4,0
43,28,4,365.61,37,35,47,42,2.6,0,2,0,1,66,3,1,0
21,31,4,312.45,14,22,7,4,2.6,0,2,0,0,68,1,7,0
36,43,7,372.31,45,42,35,34,2.0,0,3,0,1,2,9,2,0
37,17,6,115.19,14,5,28,12,1.5,1,6,1,0,37,6,0,1
50,5,8,335.85,45,46,41,9,3.4,1,8,1,0,76,3,1,0
37,17,7,254.04,24,4,11,10,1.0,1,1,1,0,41,5,9,1
29,18,1,373.98,20,42,13,17,4.0,0,3,1,0,82,2,9,0
64,21,9,170.25,23,24,47,33,4.0,1,8,0,1,39,6,6,1
18,36,3,446.13,4,17,49,38,2.1,0,1,0,1,49,5,5,0
43,31,5,51.31,5,12,20,40,1.4,1,9,0,0,34,2,7,1
31,40,1,405.52,48,42,21,41,1.4,0,0,1,1,23,3,6,0
55,2,6,432.05,42,13,20,49,2.4,1,9,0,0,87,9,9,0
54,27,2,410.45,47,27,43,22,3.6,1,7,0,0,16,4,7,0
28,9,2,261.24,43,17,49,6,1.8,1,8,0,1,39,8,2,0
53,34,1,224.81,46,27,29,38,3.1,0,6,1,0,73,5,5,1
30,28,7,498.17,22,26,38,2,1.9,0,7,1,0,65,3,6,0
60,14,5,122.29,3,31,19,11,1.5,0,3,1,0,43,6,9,0
20,32,0,277.97,26,46,23,6,0.1,1,3,0,0,22,1,0,1
50,6,0,338.63,17,8,22,48,0.0,0,1,0,0,5,3,0,0
23,11,6,353.43,20,39,6,25,1.1,0,7,0,1,65,4,6,1
27,48,7,109.97,27,31,8,32,2.0,0,1,0,1,20,3,2,1
22,29,4,330.46,34,19,0,36,4.3,0,8,1,1,34,3,2,0
40,20,4,411.0,21,27,25,47,4.0,0,3,0,0,28,8,4,0
27,30,3,34.51,39,32,37,14,1.3,0,0,1,0,6,1,5,1
61,23,5,456.65,22,3,37,1,1.2,1,3,0,0,92,5,1,0
19,19,5,24.46,2,45,43,40,1.1,1,2,1,0,52,7,2,1
